{
  "features/interactions/fillin.feature": 83.21293234825134,
  "features/interactions/puzzlehelper.feature": 51.28838300704956,
  "features/interactions/wordorder.feature": 175.00702142715454,
  "features/review/review-end-page.feature": 76.87046194076538,
  "features/trainers/dialog-choicebuttons.feature": 43.59893774986267,
  "features/trainers/vocabulary-choicebuttons.feature": 105.40800166130066,
  "features/whole-lesson/most-important-trainers.feature": 66.98067212104797
}