{
  "features/info_text/info_text.feature": 149.36984582700003,
  "features/interactions/choicebuttons.feature": 115.80813037100006,
  "features/interactions/fillin.feature": 148.18812183800006,
  "features/interactions/puzzlehelper.feature": 60.39332798199996,
  "features/interactions/speak.feature": 109.34681118399982,
  "features/interactions/wordorder.feature": 123.22963505600009,
  "features/localization/localized-feedback-message.feature": 22.489522462999986,
  "features/progress-bar/lesson-progress-bar.feature": 107.599872016,
  "features/progress-bar/review-progress-bar.feature": 302.446035899,
  "features/purge/purge-card-trainer.feature": 304.22819528300005,
  "features/purge/purge-dialog-trainer.feature": 451.4906739769999,
  "features/review/flashcard.feature": 165.48739376999998,
  "features/review/listening.feature": 185.94571681999997,
  "features/review/review-end-page.feature": 38.39673223199998,
  "features/review/speaking.feature": 17.570147719000033,
  "features/review/writing.feature": 55.54749182599994,
  "features/sound-autoplay/sound-autoplay.feature": 7.109567533000131,
  "features/trainers/card-choicebuttons.feature": 106.308009137,
  "features/trainers/card-fillin.feature": 45.41388395900003,
  "features/trainers/card-puzzlehelper.feature": 72.33115861500005,
  "features/trainers/comprehension-audio.feature": 61.68105771500001,
  "features/trainers/comprehension-text.feature": 70.54998965400006,
  "features/trainers/dialog-choicebuttons.feature": 94.42148728899997,
  "features/trainers/dialog-dictatechoice.feature": 107.3377877669999,
  "features/trainers/dialog-dictatefillin.feature": 68.29311901300002,
  "features/trainers/dialog-fillin.feature": 63.10430216599991,
  "features/trainers/dialog-puzzlehelper.feature": 70.97189505899985,
  "features/trainers/dialog-speak.feature": 94.54276156699996,
  "features/trainers/dictate-choicebuttons.feature": 99.67066871700001,
  "features/trainers/dictate-fillin.feature": 76.38779217399991,
  "features/trainers/dictate-puzzlehelper.feature": 70.57454187100006,
  "features/trainers/dictate-wordorder.feature": 68.62036898000008,
  "features/trainers/keyboard.feature": 47.9422621519999,
  "features/trainers/matching.feature": 66.92238542200005,
  "features/trainers/vocabulary-choicebuttons.feature": 20.517351002000055,
  "features/trainers/vocabulary-click.feature": 59.589925996000034,
  "features/trainers/vocabulary-fillin.feature": 66.38993897800003,
  "features/trainers/vocabulary-puzzlehelper.feature": 58.628621064000015,
  "features/trainers/vocabulary-speak.feature": 57.084598171999914,
  "features/trainers/vocabulary-wordorder.feature": 85.25925116400003,
  "features/whole-lesson/purge-whole-lesson.feature": 80.03542781700003,
  "features/sound/handle-wrong-sound-ids.feature": 314.33879186900003
}
